country,iso_code,date,total_vaccinations,people_vaccinated,people_fully_vaccinated,daily_vaccinations_raw,daily_vaccinations,total_vaccinations_per_hundred,people_vaccinated_per_hundred,people_fully_vaccinated_per_hundred,daily_vaccinations_per_million
Australia,AUS,21/02/2021,20,20,,,,0,0,,
Australia,AUS,22/02/2021,2789,2789,,2769,2769,0.01,0.01,,107
Australia,AUS,23/02/2021,6914,6911,3,4125,3447,0.03,0.03,0,134
Australia,AUS,24/02/2021,16629,16626,3,9715,5536,0.06,0.06,0,215
Australia,AUS,25/02/2021,23510,23501,9,6881,5872,0.09,0.09,0,228
Australia,AUS,26/02/2021,30000,29989,11,6490,5996,0.12,0.12,0,233
Australia,AUS,27/02/2021,31894,31882,12,1894,5312,0.12,0.12,0,206
Australia,AUS,28/02/2021,34630,34618,12,2736,4944,0.13,0.13,0,192
Australia,AUS,1/03/2021,41907,41895,12,7277,5588,0.16,0.16,0,217
Australia,AUS,2/03/2021,51070,51058,12,9163,6308,0.2,0.2,0,245
Australia,AUS,3/03/2021,61009,60994,15,9939,6340,0.24,0.24,0,246
Australia,AUS,4/03/2021,71867,71848,19,10858,6908,0.28,0.28,0,268
Australia,AUS,5/03/2021,76940,76916,24,5073,6706,0.3,0.3,0,260
Australia,AUS,6/03/2021,81345,81321,24,4405,7064,0.32,0.32,0,274
Australia,AUS,7/03/2021,86369,86345,24,5024,7391,0.33,0.33,0,287
Australia,AUS,8/03/2021,94908,94884,24,8539,7572,0.37,0.37,0,294
Australia,AUS,9/03/2021,108328,108301,27,13420,8180,0.42,0.42,0,317
Australia,AUS,10/03/2021,125000,124972,28,16672,9142,0.48,0.48,0,355
Australia,AUS,11/03/2021,135109,135077,32,10109,9035,0.52,0.52,0,350
Australia,AUS,12/03/2021,159294,159260,34,24185,11765,0.62,0.62,0,456
Australia,AUS,13/03/2021,162551,162517,34,3257,11601,0.63,0.63,0,450
Australia,AUS,14/03/2021,164781,164746,35,2230,11202,0.64,0.64,0,434
Australia,AUS,15/03/2021,182437,182214,223,17656,12504,0.71,0.71,0,485
Australia,AUS,16/03/2021,203557,203032,525,21120,13604,0.79,0.79,0,528
Australia,AUS,17/03/2021,226057,224711,1346,22500,14437,0.88,0.87,0.01,560
Australia,AUS,18/03/2021,240754,238673,2081,14697,15092,0.93,0.93,0.01,585
Australia,AUS,19/03/2021,253831,251060,2771,13077,13505,0.98,0.97,0.01,524
Australia,AUS,20/03/2021,256782,253858,2924,2951,13462,1,0.98,0.01,522
Australia,AUS,21/03/2021,281960,262283,19677,25178,16740,1.09,1.02,0.08,649
Australia,AUS,22/03/2021,312502,289317,23185,30542,18581,1.21,1.12,0.09,721
Australia,AUS,23/03/2021,358502,334123,24379,46000,22135,1.39,1.3,0.09,858
Australia,AUS,24/03/2021,408410,379837,28573,49908,26050,1.58,1.47,0.11,1010
Australia,AUS,25/03/2021,460155,427294,32861,51745,31343,1.78,1.66,0.13,1215
Australia,AUS,26/03/2021,506465,471771,34694,46310,36091,1.96,1.83,0.13,1400
Australia,AUS,27/03/2021,524189,488220,35969,17724,38201,2.03,1.89,0.14,1481
Australia,AUS,28/03/2021,541761,505085,36676,17572,37114,2.1,1.96,0.14,1439
Australia,AUS,29/03/2021,597525,551335,46190,55764,40718,2.32,2.14,0.18,1579
Australia,AUS,30/03/2021,670351,620336,50015,72826,44550,2.6,2.41,0.19,1728
Australia,AUS,31/03/2021,744330,671606,72724,73979,47989,2.89,2.6,0.28,1861
Australia,AUS,1/04/2021,823613,744369,79244,79283,51923,3.19,2.89,0.31,2013
Australia,AUS,2/04/2021,828059,747698,80361,4446,45942,3.21,2.9,0.31,1782
Australia,AUS,3/04/2021,843182,761864,81318,15123,45570,3.27,2.95,0.32,1767
Australia,AUS,4/04/2021,844309,762679,81630,1127,43221,3.27,2.96,0.32,1676
Australia,AUS,5/04/2021,854983,771972,83011,10674,36780,3.32,2.99,0.32,1426
Australia,AUS,6/04/2021,920334,829963,90371,65351,35712,3.57,3.22,0.35,1385
Australia,AUS,7/04/2021,996214,899641,96573,75880,35983,3.86,3.49,0.37,1395
Australia,AUS,8/04/2021,1077511,940239,137272,81297,36271,4.18,3.65,0.53,1406
Australia,AUS,9/04/2021,1138866,993668,145198,61355,44401,4.42,3.85,0.56,1722
Australia,AUS,10/04/2021,1166568,1018671,147897,27702,46198,4.52,3.95,0.57,1791
Australia,AUS,11/04/2021,1178302,1029486,148816,11734,47713,4.57,3.99,0.58,1850
Australia,AUS,12/04/2021,1234681,1077574,157107,56379,54243,4.79,4.18,0.61,2103
Australia,AUS,13/04/2021,1295672,1131621,164051,60991,53620,5.02,4.39,0.64,2079
Australia,AUS,14/04/2021,1359305,1188424,170881,63633,51870,5.27,4.61,0.66,2011
Australia,AUS,15/04/2021,1420577,1242588,177989,61272,49009,5.51,4.82,0.69,1900
Australia,AUS,16/04/2021,1474558,1290409,184149,53981,47956,5.72,5,0.71,1860
Australia,AUS,17/04/2021,1496912,1310866,186046,22354,47192,5.8,5.08,0.72,1830
Australia,AUS,18/04/2021,1586556,1399808,186748,89644,58322,6.15,5.43,0.72,2262
Australia,AUS,19/04/2021,1653286,1459097,194189,66730,59801,6.41,5.66,0.75,2319
Australia,AUS,20/04/2021,1718107,1516390,201717,64821,60348,6.66,5.88,0.78,2340
Australia,AUS,21/04/2021,1785698,1565322,220376,67591,60913,6.92,6.07,0.85,2362
Australia,AUS,22/04/2021,1855601,1628307,227294,69903,62146,7.2,6.31,0.88,2410
Australia,AUS,23/04/2021,1914047,1682424,231623,58446,62784,7.42,6.52,0.9,2435
Australia,AUS,24/04/2021,1934077,1701357,232720,20030,62452,7.5,6.6,0.9,2422
Australia,AUS,25/04/2021,1937485,1704743,232742,3408,50133,7.51,6.61,0.9,1944
Australia,AUS,26/04/2021,1969337,1735756,233581,31852,45150,7.64,6.73,0.91,1751
Australia,AUS,27/04/2021,2029544,1791020,238524,60207,44491,7.87,6.95,0.92,1725
Australia,AUS,28/04/2021,2112285,1867045,245240,82741,46655,8.19,7.24,0.95,1809
Australia,AUS,29/04/2021,2179544,1926672,252872,67259,46278,8.45,7.47,0.98,1795
Australia,AUS,30/04/2021,2234844,1976315,258529,55300,45828,8.67,7.66,1,1777
Australia,AUS,1/05/2021,2254074,1994063,260011,19230,45714,8.74,7.73,1.01,1773
Australia,AUS,2/05/2021,2260615,1999899,260716,6541,46161,8.77,7.76,1.01,1790
Australia,AUS,3/05/2021,2316969,2051573,265396,56354,49662,8.98,7.96,1.03,1926
Australia,AUS,4/05/2021,2396314,2124394,271920,79345,52396,9.29,8.24,1.05,2032
Australia,AUS,5/05/2021,2473529,2195139,278390,77215,51606,9.59,8.51,1.08,2001
Australia,AUS,6/05/2021,2554531,2268890,285641,81002,53570,9.91,8.8,1.11,2077
Australia,AUS,7/05/2021,2627725,2335211,292514,73194,56126,10.19,9.06,1.13,2176
Australia,AUS,8/05/2021,2654338,2360192,294146,26613,57181,10.29,9.15,1.14,2217
Australia,AUS,9/05/2021,2663221,2368476,294745,8883,57515,10.33,9.18,1.14,2230
Australia,AUS,10/05/2021,2736107,2436106,300001,72886,59877,10.61,9.45,1.16,2322
Australia,AUS,11/05/2021,2812486,2506399,306087,76379,59453,10.91,9.72,1.19,2305
Australia,AUS,12/05/2021,2894770,2580660,314110,82284,60177,11.23,10.01,1.22,2334
Australia,AUS,13/05/2021,2980644,2660509,320135,85874,60873,11.56,10.32,1.24,2360
Australia,AUS,14/05/2021,3056797,2728447,328350,76153,61296,11.85,10.58,1.27,2377
Australia,AUS,15/05/2021,3089184,2758361,330823,32387,62121,11.98,10.7,1.28,2409
Australia,AUS,16/05/2021,3100137,2768527,331610,10953,62417,12.02,10.74,1.29,2420
Australia,AUS,17/05/2021,3183324,2772593,410731,83187,63888,12.34,10.75,1.59,2477
Australia,AUS,18/05/2021,3278854,2861133,417721,95530,66624,12.71,11.09,1.62,2584
Australia,AUS,19/05/2021,3371728,2946301,425427,92874,68137,13.07,11.42,1.65,2642
Australia,AUS,20/05/2021,3472874,3038105,434769,101146,70319,13.47,11.78,1.69,2727
Australia,AUS,21/05/2021,,,,,67216,,,,2606
Australia,AUS,22/05/2021,,,,,70366,,,,2729
Australia,AUS,23/05/2021,,,,,76578,,,,2969
Australia,AUS,24/05/2021,3690622,3255437,435185,,72471,14.31,12.62,1.69,2810
Australia,AUS,25/05/2021,3795280,3320569,474711,104658,73775,14.72,12.88,1.84,2861
Australia,AUS,26/05/2021,3906668,3425248,481420,111388,76420,15.15,13.28,1.87,2963
Australia,AUS,27/05/2021,4031539,3541569,489970,124871,79809,15.63,13.73,1.9,3095
Australia,AUS,28/05/2021,4153149,3655905,497244,121610,89405,16.1,14.18,1.93,3467
Australia,AUS,29/05/2021,4212899,3714197,498702,59750,90164,16.34,14.4,1.93,3496
Australia,AUS,30/05/2021,4243600,3743622,499978,30701,86774,16.46,14.52,1.94,3365
Australia,AUS,31/05/2021,4362739,3856485,506254,119139,96017,16.92,14.95,1.96,3723
Australia,AUS,1/06/2021,4501444,3960329,541115,138705,100881,17.46,15.36,2.1,3912
Australia,AUS,2/06/2021,4642703,4092509,550194,141259,105148,18,15.87,2.13,4077
Australia,AUS,3/06/2021,4786362,4226528,559834,143659,107832,18.56,16.39,2.17,4181
Australia,AUS,4/06/2021,4927607,4357962,569645,141245,110637,19.11,16.9,2.21,4290
Australia,AUS,5/06/2021,5016352,4442925,573427,88745,114779,19.45,17.23,2.22,4451
Australia,AUS,6/06/2021,5076413,4463413,613000,60061,118973,19.69,17.31,2.38,4613
Australia,AUS,7/06/2021,5203977,4568516,635461,127564,120177,20.18,17.72,2.46,4660
Australia,AUS,8/06/2021,5344862,4693030,651832,140885,120488,20.73,18.2,2.53,4672
Australia,AUS,9/06/2021,5487670,4817746,669924,142808,120710,21.28,18.68,2.6,4681
Australia,AUS,10/06/2021,5641008,4954528,686480,153338,122092,21.87,19.21,2.66,4734
Australia,AUS,11/06/2021,,,,,112690,,,,4370
Australia,AUS,12/06/2021,,,,,110788,,,,4296
Australia,AUS,13/06/2021,5867299,5000913,866386,,112984,22.75,19.39,3.36,4381
Australia,AUS,14/06/2021,5931245,5029208,902037,63946,103895,23,19.5,3.5,4029
Australia,AUS,15/06/2021,6083320,5157291,926029,152075,105494,23.59,20,3.59,4091
Australia,AUS,16/06/2021,6219330,5258090,961240,136010,104523,24.12,20.39,3.73,4053
Australia,AUS,17/06/2021,6360666,5340569,1020097,141336,102808,24.67,20.71,3.96,3987
Australia,AUS,18/06/2021,6491476,5447144,1044332,130810,110720,25.17,21.12,4.05,4293
Australia,AUS,19/06/2021,6556029,5499359,1056670,64553,109166,25.42,21.33,4.1,4233
Australia,AUS,20/06/2021,6590741,5509653,1081088,34712,103349,25.56,21.37,4.19,4008
Australia,AUS,21/06/2021,6719384,5630732,1088652,128643,112591,26.06,21.83,4.22,4366
Australia,AUS,22/06/2021,6860276,5645745,1214531,140892,110994,26.6,21.89,4.71,4304
Australia,AUS,23/06/2021,6999198,5756508,1242690,138922,111410,27.14,22.32,4.82,4320
Australia,AUS,24/06/2021,7137632,5777713,1359919,138434,110995,27.68,22.4,5.27,4304
Australia,AUS,25/06/2021,7257605,5871374,1386231,119973,109447,28.14,22.77,5.38,4244
Australia,AUS,26/06/2021,7326320,5876688,1449632,68715,110042,28.41,22.79,5.62,4267
Australia,AUS,27/06/2021,7374666,5897308,1477358,48346,111989,28.6,22.87,5.73,4343
Australia,AUS,28/06/2021,7500700,6021941,1478759,126034,111617,29.09,23.35,5.73,4328
Australia,AUS,29/06/2021,7645585,6099088,1546497,144885,112187,29.65,23.65,6,4350
Australia,AUS,30/06/2021,7742536,6109102,1633434,96951,106191,30.02,23.69,6.33,4118
Australia,AUS,1/07/2021,7927854,6201581,1726273,185318,112889,30.74,24.05,6.69,4378
Australia,AUS,2/07/2021,8082671,6274405,1808266,154817,117867,31.34,24.33,7.01,4571
Australia,AUS,3/07/2021,8175657,6319911,1855746,92986,121334,31.7,24.51,7.2,4705
Australia,AUS,4/07/2021,8225986,6348365,1877621,50329,121617,31.9,24.62,7.28,4716
Australia,AUS,5/07/2021,8361030,6416805,1944225,135044,122904,32.42,24.88,7.54,4766
Australia,AUS,6/07/2021,8520494,6496559,2023935,159464,124987,33.04,25.19,7.85,4847
Australia,AUS,7/07/2021,8670124,6570649,2099475,149630,132513,33.62,25.48,8.14,5139
Australia,AUS,8/07/2021,8826874,6646330,2180544,156750,128431,34.23,25.77,8.46,4980
Australia,AUS,9/07/2021,8971704,6717106,2254598,144830,127005,34.79,26.05,8.74,4925
Australia,AUS,10/07/2021,9070369,6766522,2303847,98665,127816,35.17,26.24,8.93,4956
Australia,AUS,11/07/2021,9123787,6798066,2325721,53418,128257,35.38,26.36,9.02,4973
Australia,AUS,12/07/2021,9269905,6869133,2400772,146118,129839,35.95,26.64,9.31,5035
Australia,AUS,13/07/2021,9438826,6950177,2488649,168921,131190,36.6,26.95,9.65,5087
Australia,AUS,14/07/2021,9608851,7030339,2578512,170025,134104,37.26,27.26,10,5200
Australia,AUS,15/07/2021,9780543,7110598,2669945,171692,136238,37.93,27.57,10.35,5283
Australia,AUS,16/07/2021,9943302,7189791,2753511,162759,138800,38.56,27.88,10.68,5382
Australia,AUS,17/07/2021,10045830,7243962,2801868,102528,139352,38.96,28.09,10.86,5404
Australia,AUS,18/07/2021,10103159,7274900,2828259,57329,139910,39.18,28.21,10.97,5425
Australia,AUS,19/07/2021,10270344,7363541,2906803,167185,142920,39.83,28.55,11.27,5542
Australia,AUS,20/07/2021,10443776,7449080,2994696,173432,143564,40.5,28.89,11.61,5567
Australia,AUS,21/07/2021,10638716,7548583,3090133,194940,147124,41.25,29.27,11.98,5705
Australia,AUS,22/07/2021,10826896,7643470,3183426,188180,149479,41.98,29.64,12.34,5796
Australia,AUS,23/07/2021,11011255,7739291,3271964,184359,152565,42.7,30.01,12.69,5916
Australia,AUS,24/07/2021,11130234,7803021,3327213,118979,154915,43.16,30.26,12.9,6007
Australia,AUS,25/07/2021,11199809,7840804,3359005,69575,156664,43.43,30.4,13.03,6075
Australia,AUS,26/07/2021,11379476,7934454,3445022,179667,158447,44.13,30.77,13.36,6144
Australia,AUS,27/07/2021,11570868,8025806,3545062,191392,161013,44.87,31.12,13.75,6244
Australia,AUS,28/07/2021,11794088,8137548,3656540,223220,165053,45.73,31.56,14.18,6400
Australia,AUS,29/07/2021,11999027,8237020,3762007,204939,167447,46.53,31.94,14.59,6493
Australia,AUS,30/07/2021,12209797,8344012,3865785,210770,171220,47.35,32.36,14.99,6639
Australia,AUS,31/07/2021,12334071,8407015,3927056,124274,171977,47.83,32.6,15.23,6669
Australia,AUS,1/08/2021,12410127,8445404,3964723,76056,172903,48.12,32.75,15.37,6705
Australia,AUS,2/08/2021,12599440,8537516,4061924,189313,174281,48.86,33.11,15.75,6758
Australia,AUS,3/08/2021,12818532,8644506,4174026,219092,178238,49.71,33.52,16.19,6912
Australia,AUS,4/08/2021,13041229,8751409,4289820,222697,178163,50.57,33.94,16.63,6909
Australia,AUS,5/08/2021,13281135,8872330,4408805,239906,183158,51.5,34.4,17.1,7102
Australia,AUS,6/08/2021,13517126,8990538,4526588,235991,186761,52.42,34.86,17.55,7242
Australia,AUS,7/08/2021,13673060,9061739,4611321,155934,191284,53.02,35.14,17.88,7417
Australia,AUS,8/08/2021,13760468,9108510,4651958,87408,192906,53.36,35.32,18.04,7480
Australia,AUS,9/08/2021,13978253,9217113,4761140,217785,196973,54.2,35.74,18.46,7638
Australia,AUS,10/08/2021,14244517,9352280,4892237,266264,203712,55.24,36.27,18.97,7899
Australia,AUS,11/08/2021,14507481,9484184,5023297,262964,209465,56.26,36.78,19.48,8123
Australia,AUS,12/08/2021,14777274,9618874,5158400,269793,213734,57.3,37.3,20,8288
Australia,AUS,13/08/2021,15056296,9760508,5295788,279022,219881,58.38,37.85,20.54,8526
Australia,AUS,14/08/2021,15220857,9847969,5372888,164561,221114,59.02,38.19,20.83,8574
Australia,AUS,15/08/2021,15315158,9905472,5409686,94301,222099,59.39,38.41,20.98,8612
Australia,AUS,16/08/2021,15593985,10051748,5542237,278827,230819,60.47,38.98,21.49,8951
Australia,AUS,17/08/2021,15867284,10195842,5671442,273299,231824,61.53,39.54,21.99,8990
Australia,AUS,18/08/2021,16175628,10359796,5815832,308344,238307,62.72,40.17,22.55,9241
Australia,AUS,19/08/2021,16478313,10519590,5958723,302685,243006,63.9,40.79,23.11,9423
Australia,AUS,20/08/2021,16788159,10684738,6103421,309846,247409,65.1,41.43,23.67,9594
Australia,AUS,21/08/2021,16983749,10793183,6190566,195590,251842,65.86,41.85,24.01,9766
Australia,AUS,22/08/2021,17123030,10882390,6240640,139281,258267,66.4,42.2,24.2,10015
Australia,AUS,23/08/2021,17412205,11043784,6368421,289175,259746,67.52,42.82,24.7,10072
Australia,AUS,24/08/2021,17718300,11210096,6508204,306095,264431,68.71,43.47,25.24,10254
Australia,AUS,25/08/2021,18052293,11391093,6661200,333993,268095,70,44.17,25.83,10396
Australia,AUS,26/08/2021,18358731,11550262,6808469,306438,268631,71.19,44.79,26.4,10417
Australia,AUS,27/08/2021,18674306,11724184,6950122,315575,269450,72.41,45.46,26.95,10449
Australia,AUS,28/08/2021,18894458,11850205,7044253,220152,272958,73.27,45.95,27.32,10585
Australia,AUS,29/08/2021,19052562,11956986,7095576,158104,275647,73.88,46.37,27.51,10689
Australia,AUS,30/08/2021,19329147,12106618,7222529,276585,273849,74.95,46.95,28.01,10619
Australia,AUS,31/08/2021,19663122,12293802,7369320,333975,277832,76.25,47.67,28.58,10774
Australia,AUS,1/09/2021,19992967,12480413,7512554,329845,277239,77.53,48.4,29.13,10751
Australia,AUS,2/09/2021,20293640,12640002,7653638,300673,276416,78.69,49.01,29.68,10719
Australia,AUS,3/09/2021,20605153,12811797,7793356,311513,275835,79.9,49.68,30.22,10696
Australia,AUS,4/09/2021,20818248,12938761,7879487,213095,274827,80.73,50.17,30.55,10657
Australia,AUS,5/09/2021,20948514,13023788,7924726,130266,270850,81.23,50.5,30.73,10503
Australia,AUS,6/09/2021,21206791,13160225,8046566,258277,268235,82.23,51.03,31.2,10401
Australia,AUS,7/09/2021,21500652,13313703,8186949,293861,262504,83.37,51.63,31.75,10179
Australia,AUS,8/09/2021,21811393,13480795,8330598,310741,259775,84.58,52.28,32.3,10073
Australia,AUS,9/09/2021,22129655,13646933,8482722,318262,262288,85.81,52.92,32.89,10171
Australia,AUS,10/09/2021,22432434,13800869,8631565,302779,261040,86.99,53.52,33.47,10122
Australia,AUS,11/09/2021,22627723,13907333,8720390,195289,258496,87.74,53.93,33.82,10024
Australia,AUS,12/09/2021,22760601,13986743,8773858,132878,258870,88.26,54.24,34.02,10038
Australia,AUS,13/09/2021,23100911,14179661,8921250,340310,270589,89.58,54.99,34.59,10493
Australia,AUS,14/09/2021,23402471,14336221,9066250,301560,271688,90.75,55.59,35.16,10535
Australia,AUS,15/09/2021,23707553,14491771,9215782,305082,270880,91.93,56.2,35.74,10504
Australia,AUS,16/09/2021,24009073,14648688,9360385,301520,268488,93.1,56.8,36.3,10411
Australia,AUS,17/09/2021,24346522,14816773,9529749,337449,273441,94.41,57.46,36.95,10603
Australia,AUS,18/09/2021,24572951,14939866,9633085,226429,277890,95.29,57.93,37.35,10776
Australia,AUS,19/09/2021,24745225,15044653,9700572,172274,283518,95.96,58.34,37.62,10994
Australia,AUS,20/09/2021,25065581,15211965,9853616,320356,280667,97.2,58.99,38.21,10884
Australia,AUS,21/09/2021,25396636,15377929,10018707,331055,284881,98.48,59.63,38.85,11047
Australia,AUS,22/09/2021,25733071,15549405,10183666,336435,289360,99.79,60.3,39.49,11221
Australia,AUS,23/09/2021,26080012,15724785,10355227,346941,295848,101.13,60.98,40.15,11472
Australia,AUS,24/09/2021,26390465,15867929,10522536,310453,291992,102.34,61.53,40.8,11323
Australia,AUS,25/09/2021,26609171,15974334,10634837,218706,290889,103.18,61.94,41.24,11280
Australia,AUS,26/09/2021,26754136,16050194,10703942,144965,286987,103.75,62.24,41.51,11129
Australia,AUS,27/09/2021,27056868,16194869,10861999,302732,284470,104.92,62.8,42.12,11031
Australia,AUS,28/09/2021,27387830,16348214,11039616,330962,284456,106.2,63.39,42.81,11030
Australia,AUS,29/09/2021,27695682,16493044,11202638,307852,280373,107.4,63.96,43.44,10872
Australia,AUS,30/09/2021,28035888,16649549,11386339,340206,279411,108.72,64.56,44.15,10835
Australia,AUS,1/10/2021,28361886,16790440,11571446,325998,281632,109.98,65.11,44.87,10921
Australia,AUS,2/10/2021,28572558,16882622,11689936,210672,280484,110.8,65.47,45.33,10876
Australia,AUS,3/10/2021,28710701,16943837,11766864,138143,279509,111.33,65.7,45.63,10839
Australia,AUS,4/10/2021,28895930,17027036,11868894,185229,262723,112.05,66.03,46.02,10188
Australia,AUS,5/10/2021,29245786,17160890,12084896,349856,265422,113.41,66.55,46.86,10292
Australia,AUS,6/10/2021,29581238,17287976,12293262,335452,269365,114.71,67.04,47.67,10445
Australia,AUS,7/10/2021,29911860,17408468,12503241,330622,267996,115.99,67.51,48.48,10392
Australia,AUS,8/10/2021,30242274,17521126,12720856,330414,268627,117.27,67.94,49.33,10417
Australia,AUS,9/10/2021,30477912,17593798,12883681,235638,272193,118.19,68.22,49.96,10555
Australia,AUS,10/10/2021,30643517,17644750,12998286,165605,276117,118.83,68.42,50.4,10707
Australia,AUS,11/10/2021,30955777,17742605,13212457,312260,294264,120.04,68.8,51.23,11411
Australia,AUS,12/10/2021,31292016,17844016,13446945,336239,292319,121.34,69.19,52.14,11335
Australia,AUS,13/10/2021,31610475,17936776,13672371,318459,289891,122.58,69.55,53.02,11241
Australia,AUS,14/10/2021,31923197,18030376,13891163,312722,287334,123.79,69.92,53.87,11142
Australia,AUS,15/10/2021,32222172,18118501,14101561,298975,282843,124.95,70.26,54.68,10968
Australia,AUS,16/10/2021,32418073,18170223,14245406,195901,277166,125.71,70.46,55.24,10748
Australia,AUS,17/10/2021,32577130,18214049,14360419,159057,276230,126.33,70.63,55.69,10711
Australia,AUS,18/10/2021,32854557,18292826,14558572,277427,271254,127.4,70.93,56.45,10519
Australia,AUS,19/10/2021,33129907,18373112,14753069,275350,262556,128.47,71.25,57.21,10181
Australia,AUS,20/10/2021,33404278,18452962,14946699,274371,256258,129.53,71.56,57.96,9937
Australia,AUS,21/10/2021,33681381,18531078,15144905,277103,251169,130.61,71.86,58.73,9740
Australia,AUS,22/10/2021,33951546,18603298,15342065,270165,247053,131.66,72.14,59.49,9580
Australia,AUS,23/10/2021,34143402,18652593,15484232,191856,246476,132.4,72.33,60.04,9558
Australia,AUS,24/10/2021,34268948,18692857,15569263,125546,241688,132.89,72.49,60.37,9372
Australia,AUS,25/10/2021,34501374,18760049,15733744,232426,235260,133.79,72.75,61.01,9123
Australia,AUS,26/10/2021,34725685,18823795,15893583,224311,227968,134.66,72.99,61.63,8840
Australia,AUS,27/10/2021,34943366,18883733,16050115,217681,219870,135.5,73.23,62.24,8526
Australia,AUS,28/10/2021,35166827,18944029,16212257,223461,212207,136.37,73.46,62.87,8229
Australia,AUS,29/10/2021,35373820,18996212,16363567,206993,203182,137.17,73.66,63.45,7879
Australia,AUS,30/10/2021,35515862,19029312,16469355,142042,196066,137.72,73.79,63.86,7603
Australia,AUS,31/10/2021,35603091,19052562,16529442,87229,190592,138.06,73.88,64.1,7391
Australia,AUS,1/11/2021,35825241,19100734,16678894,222150,189124,138.92,74.07,64.68,7334
Australia,AUS,2/11/2021,35989833,19138869,16777488,164592,180593,139.56,74.22,65.06,7003
Australia,AUS,3/11/2021,36184662,19177383,16907279,194829,177328,140.31,74.36,65.56,6876
Australia,AUS,4/11/2021,36379077,19218733,17033089,194415,173179,141.07,74.53,66.05,6715
Australia,AUS,5/11/2021,36576108,19261941,17164167,197031,171755,141.83,74.69,66.56,6660
Australia,AUS,6/11/2021,36697075,19286079,17237996,120967,168745,142.3,74.79,66.84,6543
Australia,AUS,7/11/2021,36763501,19303290,17283428,66426,165773,142.56,74.85,67.02,6428
Australia,AUS,8/11/2021,36918760,19338366,17389176,155259,156217,143.16,74.99,67.43,6058
Australia,AUS,9/11/2021,37068049,19373942,17487181,149289,154031,143.74,75.13,67.81,5973
Australia,AUS,10/11/2021,37222034,19417387,17582957,153985,148196,144.34,75.3,68.18,5747
Australia,AUS,11/11/2021,37383955,19466357,17680831,161921,143554,144.97,75.49,68.56,5567
Australia,AUS,12/11/2021,37544059,19514381,17778385,160104,138279,145.59,75.67,68.94,5362
Australia,AUS,13/11/2021,37634423,19541933,17835028,90364,133907,145.94,75.78,69.16,5193
Australia,AUS,14/11/2021,37695740,19563025,17872077,61317,133177,146.17,75.86,69.3,5164
Australia,AUS,15/11/2021,37835866,19605792,17958614,140126,131015,146.72,76.03,69.64,5080
Australia,AUS,16/11/2021,37972232,19646353,18041042,136366,129169,147.25,76.18,69.96,5009
Australia,AUS,17/11/2021,38100630,19684790,18116999,128398,125514,147.74,76.33,70.25,4867
Australia,AUS,18/11/2021,38228443,19723676,18192428,127813,120641,148.24,76.48,70.55,4678
Australia,AUS,19/11/2021,38348764,19758303,18266176,120321,114958,148.71,76.62,70.83,4458
Australia,AUS,20/11/2021,38420798,19779653,18309411,72034,112339,148.99,76.7,71,4356
Australia,AUS,21/11/2021,38444149,19787505,18323181,23351,106916,149.08,76.73,71.05,4146
Australia,AUS,22/11/2021,38586639,19829190,18410862,142490,107253,149.63,76.89,71.39,4159
Australia,AUS,23/11/2021,38695296,19861082,18472524,108657,103295,150.05,77.02,71.63,4006
Australia,AUS,24/11/2021,38801068,19892336,18533097,105772,100063,150.46,77.14,71.87,3880
Australia,AUS,25/11/2021,38906974,19922295,18594054,105906,96933,150.87,77.25,72.1,3759
Australia,AUS,26/11/2021,39011295,19950573,18655024,104321,94647,151.28,77.36,72.34,3670
Australia,AUS,27/11/2021,39062854,19965449,18685541,51559,91722,151.48,77.42,72.46,3557
Australia,AUS,28/11/2021,39095588,19975729,18704697,32734,93063,151.6,77.46,72.53,3609
Australia,AUS,29/11/2021,39190803,20001144,18759075,95215,86309,151.97,77.56,72.74,3347
Australia,AUS,30/11/2021,39282954,20025197,18808812,92151,83951,152.33,77.65,72.94,3255
Australia,AUS,1/12/2021,39375629,20047381,18858248,92675,82080,152.69,77.74,73.13,3183
Australia,AUS,2/12/2021,39474565,20068712,18910601,98936,81084,153.07,77.82,73.33,3144
Australia,AUS,3/12/2021,39572839,20088965,18962130,98274,80221,153.45,77.9,73.53,3111
Australia,AUS,4/12/2021,39621796,20099492,18990458,48957,79849,153.64,77.94,73.64,3096
Australia,AUS,5/12/2021,39652404,20106757,19008755,30608,79545,153.76,77.97,73.71,3085
Australia,AUS,6/12/2021,39739219,20124711,19055462,86815,78345,154.1,78.04,73.89,3038
Australia,AUS,7/12/2021,39827552,20142711,19101361,88333,77800,154.44,78.11,74.07,3017
Australia,AUS,8/12/2021,39922685,20161524,19149409,95133,78151,154.81,78.18,74.26,3030
Australia,AUS,9/12/2021,40019239,20180465,19196983,96554,77811,155.18,78.25,74.44,3017
Australia,AUS,10/12/2021,40105497,20196129,19238301,86258,76094,155.52,78.32,74.6,2951
Australia,AUS,11/12/2021,40154757,20205275,19262415,49260,76137,155.71,78.35,74.69,2952
Australia,AUS,12/12/2021,40177641,20208813,19271471,22884,75034,155.8,78.36,74.73,2910
Australia,AUS,13/12/2021,40331164,20230376,19329106,153523,84564,156.39,78.45,74.95,3279
Australia,AUS,14/12/2021,40492691,20249293,19375276,161527,95020,157.02,78.52,75.13,3685
Australia,AUS,15/12/2021,40675738,20268871,19421269,183047,107579,157.73,78.6,75.31,4172
Australia,AUS,16/12/2021,40874143,20289049,19468074,198405,122129,158.5,78.68,75.49,4736
Australia,AUS,17/12/2021,41082774,20309711,19515162,208631,139611,159.31,78.76,75.67,5414
Australia,AUS,18/12/2021,41187932,20320601,19538547,105158,147596,159.72,78.8,75.77,5723
Australia,AUS,19/12/2021,41251388,20328607,19553057,63456,153392,159.96,78.83,75.82,5948
Australia,AUS,20/12/2021,41445662,20346169,19587839,194274,159214,160.72,78.9,75.96,6174
Australia,AUS,21/12/2021,41652458,20363806,19620308,206796,165681,161.52,78.97,76.08,6425
Australia,AUS,22/12/2021,41867748,20380970,19651146,215290,170287,162.35,79.03,76.2,6603
Australia,AUS,23/12/2021,42060100,20397079,19678606,192352,169422,163.1,79.09,76.31,6570
Australia,AUS,24/12/2021,42060100,20397079,19678606,0,139618,163.1,79.09,76.31,5414
Australia,AUS,25/12/2021,42060100,20397079,19678606,0,124595,163.1,79.09,76.31,4831
Australia,AUS,26/12/2021,42203960,20410720,19699622,143860,136082,163.66,79.15,76.39,5277
Australia,AUS,27/12/2021,42235002,20413876,19704056,31042,112763,163.78,79.16,76.41,4373
Australia,AUS,28/12/2021,42272089,20417817,19709450,37087,88519,163.92,79.17,76.43,3433
Australia,AUS,29/12/2021,42420659,20430343,19733014,148570,78987,164.5,79.22,76.52,3063
Australia,AUS,30/12/2021,42580539,20444346,19755837,159880,74348,165.12,79.28,76.61,2883
Australia,AUS,31/12/2021,42580539,20444346,19755837,0,74348,165.12,79.28,76.61,2883
Australia,AUS,1/01/2022,42580539,20444346,19755837,0,74348,165.12,79.28,76.61,2883
Australia,AUS,2/01/2022,42768270,20460234,19778026,187731,80616,165.84,79.34,76.69,3126
Australia,AUS,3/01/2022,42812691,20463839,19782523,44421,82527,166.02,79.35,76.71,3200
Australia,AUS,4/01/2022,43024593,20475452,19806589,211902,107501,166.84,79.4,76.8,4169
Australia,AUS,5/01/2022,43286155,20488662,19832376,261562,123642,167.85,79.45,76.9,4795
Australia,AUS,6/01/2022,43558448,20503096,19857649,272293,139701,168.91,79.51,77,5417
Australia,AUS,7/01/2022,43823668,20516623,19882365,265220,177590,169.94,79.56,77.1,6886
Australia,AUS,8/01/2022,43987111,20524868,19896355,163443,200939,170.57,79.59,77.15,7792
Australia,AUS,9/01/2022,44086608,20529932,19904821,99497,188334,170.96,79.61,77.19,7303
Australia,AUS,10/01/2022,44374463,20578901,19928352,287855,223110,172.07,79.8,77.28,8652
Australia,AUS,11/01/2022,44700720,20644440,19946441,326257,239447,173.34,80.05,77.35,9285
Australia,AUS,12/01/2022,45045755,20714403,19967401,345035,251371,174.68,80.33,77.43,9748
Australia,AUS,13/01/2022,45391353,20784959,19987928,345598,261844,176.02,80.6,77.51,10154
Australia,AUS,14/01/2022,45729166,20857930,20006998,337813,272214,177.33,80.88,77.58,10556
Australia,AUS,15/01/2022,45919637,20905692,20015852,190471,276075,178.06,81.07,77.62,10705
Australia,AUS,16/01/2022,46034466,20938457,20020735,114829,278265,178.51,81.19,77.64,10790
Australia,AUS,17/01/2022,46361913,21009044,20036097,327447,283921,179.78,81.47,77.69,11010
Australia,AUS,18/01/2022,46682438,21078643,20050685,320525,283103,181.02,81.74,77.75,10978
Australia,AUS,19/01/2022,47013624,21148938,20066316,331186,281124,182.31,82.01,77.81,10901
Australia,AUS,20/01/2022,47364850,21218556,20083160,351226,281928,183.67,82.28,77.88,10932
Australia,AUS,21/01/2022,47698880,21284622,20098787,334030,281388,184.96,82.54,77.94,10911
Australia,AUS,22/01/2022,47889638,21324245,20106005,190758,281429,185.7,82.69,77.97,10913
Australia,AUS,23/01/2022,48010195,21352957,20110855,120557,282247,186.17,82.8,77.98,10945
Australia,AUS,24/01/2022,48330551,21414046,20123268,320356,281234,187.41,83.04,78.03,10906
Australia,AUS,25/01/2022,48651936,21472820,20137891,321385,281357,188.66,83.27,78.09,10910
Australia,AUS,26/01/2022,48734111,21490441,20142694,82175,245784,188.98,83.33,78.11,9531
Australia,AUS,27/01/2022,49037474,21543461,20160170,303363,238946,190.15,83.54,78.18,9266
Australia,AUS,28/01/2022,49343894,21596983,20178059,306420,235002,191.34,83.75,78.25,9113
Australia,AUS,29/01/2022,49516636,21629171,20188421,172742,232428,192.01,83.87,78.29,9013
Australia,AUS,30/01/2022,49607239,21647934,20194741,90603,228149,192.36,83.95,78.31,8847
Australia,AUS,31/01/2022,49866290,21683520,20211402,259051,219391,193.37,84.08,78.37,8507
Australia,AUS,1/02/2022,50132340,21712260,20228401,266050,211486,194.4,84.19,78.44,8201
Australia,AUS,2/02/2022,50400541,21738444,20243421,268201,238061,195.44,84.3,78.5,9231
Australia,AUS,3/02/2022,50653287,21763718,20258283,252746,230830,196.42,84.39,78.56,8951
Australia,AUS,4/02/2022,50900072,21787774,20273781,246785,222311,197.38,84.49,78.62,8621
Australia,AUS,5/02/2022,51027861,21803823,20282518,127789,215889,197.87,84.55,78.65,8372
Australia,AUS,6/02/2022,51098236,21813079,20287496,70375,213000,198.15,84.59,78.67,8260
Australia,AUS,7/02/2022,51313905,21831166,20300210,215669,206802,198.98,84.66,78.72,8019
Australia,AUS,8/02/2022,51533463,21849002,20313139,219558,200160,199.83,84.72,78.77,7762
Australia,AUS,9/02/2022,51747277,21865954,20326872,213814,192391,200.66,84.79,78.82,7460
Australia,AUS,10/02/2022,51948284,21880794,20339977,201007,185000,201.44,84.85,78.87,7174
Australia,AUS,11/02/2022,52150693,21895835,20353147,202409,178660,202.23,84.91,78.92,6928
Australia,AUS,12/02/2022,52258992,21906946,20360127,108299,175876,202.65,84.95,78.95,6820
Australia,AUS,13/02/2022,52308370,21911397,20363428,49378,172876,202.84,84.97,78.96,6704
Australia,AUS,14/02/2022,52474947,21922677,20374213,166577,165863,203.48,85.01,79.01,6432
Australia,AUS,15/02/2022,52635184,21933086,20384601,160237,157389,204.11,85.05,79.05,6103
Australia,AUS,16/02/2022,52791256,21943571,20393712,156072,149140,204.71,85.09,79.08,5783
Australia,AUS,17/02/2022,52941505,21954313,20403693,150249,141889,205.29,85.13,79.12,5502
Australia,AUS,18/02/2022,53096563,21967182,20414450,155058,135124,205.89,85.18,79.16,5240
Australia,AUS,19/02/2022,53183572,21976357,20420498,87009,132083,206.23,85.22,79.19,5122
Australia,AUS,20/02/2022,53224792,21980295,20423361,41220,130917,206.39,85.23,79.2,5077
Australia,AUS,21/02/2022,53365398,21992267,20433044,140606,127207,206.94,85.28,79.23,4933
Australia,AUS,22/02/2022,53497461,22004154,20441976,132063,123182,207.45,85.33,79.27,4777
Australia,AUS,23/02/2022,53621446,22015487,20450588,123985,118599,207.93,85.37,79.3,4599
Australia,AUS,24/02/2022,53744582,22026289,20459281,123136,114725,208.41,85.41,79.34,4449
Australia,AUS,25/02/2022,53866202,22036909,20468250,121620,109948,208.88,85.45,79.37,4263
Australia,AUS,26/02/2022,53932803,22044111,20473343,66601,107033,209.14,85.48,79.39,4150
Australia,AUS,27/02/2022,53963467,22047151,20475638,30664,105525,209.26,85.49,79.4,4092
Australia,AUS,28/02/2022,54065507,22055898,20483240,102040,100016,209.65,85.53,79.43,3878
Australia,AUS,1/03/2022,54155508,22063566,20490408,90001,94007,210,85.56,79.46,3645
Australia,AUS,2/03/2022,54241892,22070693,20497591,86384,88635,210.34,85.58,79.48,3437
Australia,AUS,3/03/2022,54327853,22078148,20505135,85961,83324,210.67,85.61,79.51,3231
Australia,AUS,4/03/2022,54418534,22085942,20513850,90681,78905,211.02,85.64,79.55,3060
Australia,AUS,5/03/2022,54469705,22091094,20520964,51171,76700,211.22,85.66,79.57,2974
Australia,AUS,6/03/2022,54492395,22093332,20524493,22690,75561,211.31,85.67,79.59,2930
Australia,AUS,7/03/2022,54570032,22098997,20543714,77637,72075,211.61,85.69,79.66,2795
Australia,AUS,8/03/2022,54659334,22105692,20568346,89302,71975,211.95,85.72,79.76,2791
Australia,AUS,9/03/2022,54749553,22111780,20596172,90219,72523,212.3,85.74,79.87,2812
Australia,AUS,10/03/2022,54842227,22117596,20626131,92674,73482,212.66,85.77,79.98,2849
Australia,AUS,11/03/2022,54948620,22124182,20661863,106393,75727,213.08,85.79,80.12,2936
Australia,AUS,12/03/2022,55020466,22128293,20696352,71846,78680,213.36,85.81,80.26,3051
Australia,AUS,13/03/2022,55054842,22130630,20714246,34376,80350,213.49,85.82,80.32,3116
Australia,AUS,14/03/2022,55128376,22135420,20743572,73534,79763,213.77,85.84,80.44,3093
Australia,AUS,15/03/2022,55224388,22141043,20780753,96012,80722,214.15,85.86,80.58,3130
Australia,AUS,16/03/2022,55316946,22146677,20817597,92558,81056,214.5,85.88,80.73,3143
Australia,AUS,17/03/2022,55408135,22152482,20852962,91189,80844,214.86,85.9,80.86,3135
Australia,AUS,18/03/2022,55507339,22158259,20893155,99204,79817,215.24,85.92,81.02,3095
Australia,AUS,19/03/2022,55577748,22162034,20931268,70409,79612,215.52,85.94,81.17,3087
Australia,AUS,20/03/2022,55613993,22163996,20952845,36245,79879,215.66,85.95,81.25,3097
Australia,AUS,21/03/2022,55700491,22169145,20988310,86498,81731,215.99,85.97,81.39,3169
Australia,AUS,22/03/2022,55783094,22174087,21020180,82603,79815,216.31,85.99,81.51,3095
Australia,AUS,23/03/2022,55854308,22178419,21043844,71214,76766,216.59,86,81.6,2977
Australia,AUS,24/03/2022,55932910,22183299,21072503,78602,74968,216.89,86.02,81.71,2907
Australia,AUS,25/03/2022,56017618,22188155,21104880,84708,72897,217.22,86.04,81.84,2827
Australia,AUS,26/03/2022,56077605,22191506,21136762,59987,71408,217.45,86.05,81.96,2769
Australia,AUS,27/03/2022,56107787,22193476,21153372,30182,70542,217.57,86.06,82.03,2735
Australia,AUS,28/03/2022,56179315,22198092,21179377,71528,68403,217.85,86.08,82.13,2652
Australia,AUS,29/03/2022,56242913,22202366,21200432,63598,65688,218.1,86.1,82.21,2547
